{
  "song": [
    {
      "sid": "309769",
      "songName": "林俊杰 - 一千年以后",
      "artistName": "林俊杰",
      "url": "http://yinyueshiting.baidu.com/data2/music/64008777/30976990000128.mp3?xcode=58006206c892ce63766f476e85847328"
    },
    {
      "sid": "246732955",
      "songName": "林俊杰,金莎 - 被风吹过的夏天",
      "artistName": "林俊杰,金莎",
      "url": "http://yinyueshiting.baidu.com/data2/music/246734215/246732955154800128.mp3?xcode=58006206c892ce63766f476e85847328"
    }
  ],
  "user": {}
}